{
  "_fv": 66,
  "_type": "config",
  "definition": {
    "pools": [
      {
        "category": "Outside Chunk Area, Interactions",
        "entries": [
          {
            "item": {
              "value": ""
            },
            "silkTouchMode": 0,
            "block": {
              "value": ""
            },
            "logicField": 1,
            "numberField": 0.0,
            "textDefault": "",
            "comment": "Allows Players to interact with Entities outside the Chunk Area",
            "vardisplay": "Entity Right Click",
            "varname": "Entity_Interact",
            "enablecomment": true,
            "stringlist": []
          },
          {
            "item": {
              "value": ""
            },
            "silkTouchMode": 0,
            "block": {
              "value": ""
            },
            "logicField": 1,
            "numberField": 0.0,
            "textDefault": "",
            "comment": "Allows Players to attack Entities outside the Chunk Area with Melee/Direct damage",
            "vardisplay": "Entity Left Click (Direct)",
            "varname": "Entity_AttackDirect",
            "enablecomment": true,
            "stringlist": []
          },
          {
            "item": {
              "value": ""
            },
            "silkTouchMode": 0,
            "block": {
              "value": ""
            },
            "logicField": 0,
            "numberField": 0.0,
            "textDefault": "",
            "comment": "Allows Players to attack Entities outside the Chunk Area with Ranged/Indirect damage",
            "vardisplay": "Entity Left Click (Indirect)",
            "varname": "Entity_Attack",
            "enablecomment": true,
            "stringlist": []
          },
          {
            "item": {
              "value": ""
            },
            "silkTouchMode": 0,
            "block": {
              "value": ""
            },
            "logicField": 1,
            "numberField": 0.0,
            "textDefault": "",
            "comment": "Allows Players to break Blocks outside the Chunk Area",
            "vardisplay": "Block Destroy",
            "varname": "Block_Break",
            "enablecomment": true,
            "stringlist": []
          },
          {
            "item": {
              "value": ""
            },
            "silkTouchMode": 0,
            "block": {
              "value": ""
            },
            "logicField": 1,
            "numberField": 0.0,
            "textDefault": "",
            "comment": "Allows Players to place Blocks outside the Chunk Area",
            "vardisplay": "Block Place",
            "varname": "Block_Place",
            "enablecomment": true,
            "stringlist": []
          },
          {
            "item": {
              "value": ""
            },
            "silkTouchMode": 0,
            "block": {
              "value": ""
            },
            "logicField": 1,
            "numberField": 0.0,
            "textDefault": "",
            "comment": "Allows Players to interact with Blocks outside the Chunk Area",
            "vardisplay": "Block Interact",
            "varname": "Block_Interact",
            "enablecomment": true,
            "stringlist": []
          }
        ]
      }
    ],
    "file": "ChunkByChunk",
    "configType": 1
  }
}