{"stats":{"minecraft:custom":{"minecraft:time_since_rest":21447,"minecraft:crouch_one_cm":1935,"minecraft:play_time":58778,"minecraft:sprint_one_cm":3401,"minecraft:walk_one_cm":51770,"minecraft:sneak_time":1879,"minecraft:drop":125,"minecraft:jump":73,"minecraft:damage_dealt":70,"minecraft:leave_game":3,"minecraft:time_since_death":58778,"minecraft:total_world_time":91799,"minecraft:sleep_in_bed":2,"minecraft:talked_to_villager":26,"minecraft:fly_one_cm":17086,"minecraft:inspect_dispenser":3},"minecraft:dropped":{"minecraft:bread":3973,"minecraft:villager_spawn_egg":3,"minecraft:potato":5,"minecraft:sandstone":1,"minecraft:lever":1,"minecraft:oak_button":3,"minecraft:command_block":1,"minecraft:chainmail_leggings":1,"minecraft:oak_log":1,"minecraft:dispenser":1,"minecraft:white_bed":1,"minecraft:repeater":6,"minecraft:carrot":121,"minecraft:rabbit":3,"minecraft:chainmail_boots":1},"minecraft:used":{"minecraft:oak_log":3,"minecraft:lever":2,"minecraft:repeater":5,"minecraft:villager_spawn_egg":13,"minecraft:command_block":1,"minecraft:dispenser":1,"minecraft:oak_button":3,"minecraft:white_bed":27,"minecraft:sandstone":96},"minecraft:picked_up":{"minecraft:repeater":5,"minecraft:villager_spawn_egg":1,"minecraft:oak_button":2,"minecraft:bread":256,"minecraft:rabbit":2}},"DataVersion":3465}