{"stats":{"minecraft:killed_by":{"minecraft:iron_golem":5,"minecraft:husk":14,"minecraft:zombie_villager":6,"minecraft:drowned":5,"minecraft:skeleton":2,"minecraft:spider":1,"minecraft:zombie":6},"minecraft:mined":{"minecraft:black_bed":2,"minecraft:dirt":30,"minecraft:glass":55},"minecraft:picked_up":{"minecraft:golden_helmet":1,"minecraft:copper_ingot":1,"minecraft:black_bed":2,"minecraft:oak_fence":1,"minecraft:potato":1,"minecraft:gunpowder":2,"minecraft:dirt":30,"minecraft:rotten_flesh":62,"minecraft:netherite_helmet":2,"minecraft:iron_ingot":28,"minecraft:poppy":11,"minecraft:snowball":10},"minecraft:used":{"minecraft:glass":2,"minecraft:water_bucket":25,"minecraft:oak_fence":1,"minecraft:iron_bars":64,"minecraft:villager_spawn_egg":9,"minecraft:grass_block":2,"minecraft:barrier":2,"minecraft:netherite_axe":50,"minecraft:leather_helmet":1,"minecraft:horse_spawn_egg":8,"minecraft:rotten_flesh":36,"minecraft:golden_helmet":5,"minecraft:iron_chestplate":1,"minecraft:golden_apple":7,"minecraft:bucket":2,"minecraft:netherite_helmet":4,"minecraft:black_bed":3,"minecraft:husk_spawn_egg":11,"minecraft:snowball":10,"minecraft:splash_potion":18,"minecraft:netherite_sword":2,"minecraft:trident":4},"minecraft:killed":{"minecraft:husk":1,"minecraft:zombie":1,"minecraft:zombie_villager":2,"minecraft:drowned":9,"minecraft:slime":1,"minecraft:villager":7,"minecraft:zombie_horse":1,"minecraft:creeper":2},"minecraft:dropped":{"minecraft:iron_ingot":23,"minecraft:poppy":11,"minecraft:potato":1,"minecraft:shield":1,"minecraft:gunpowder":2,"minecraft:iron_chestplate":1,"minecraft:netherite_sword":1,"minecraft:chest":1,"minecraft:barrier":1,"minecraft:rotten_flesh":12,"minecraft:villager_spawn_egg":1,"minecraft:glass":1,"minecraft:horse_spawn_egg":1,"minecraft:grass_block":3},"minecraft:custom":{"minecraft:time_since_rest":2621,"minecraft:damage_absorbed":160,"minecraft:damage_taken":27184,"minecraft:sprint_one_cm":36172,"minecraft:walk_one_cm":622632,"minecraft:mob_kills":30,"minecraft:drop":34,"minecraft:damage_dealt":12397,"minecraft:swim_one_cm":20588,"minecraft:talked_to_villager":3,"minecraft:fly_one_cm":161289,"minecraft:crouch_one_cm":7207,"minecraft:play_time":129270,"minecraft:sneak_time":2013,"minecraft:deaths":64,"minecraft:walk_under_water_one_cm":60800,"minecraft:jump":626,"minecraft:leave_game":3,"minecraft:time_since_death":2596,"minecraft:walk_on_water_one_cm":16815,"minecraft:total_world_time":168822,"minecraft:fall_one_cm":131551,"minecraft:horse_one_cm":456874}},"DataVersion":3465}