{"stats":{"minecraft:dropped":{"minecraft:grass_block":2},"minecraft:custom":{"minecraft:jump":79,"minecraft:time_since_rest":51108,"minecraft:damage_taken":160,"minecraft:leave_game":5,"minecraft:play_time":51108,"minecraft:sprint_one_cm":7480,"minecraft:time_since_death":51036,"minecraft:walk_on_water_one_cm":1232,"minecraft:walk_one_cm":52525,"minecraft:sneak_time":128,"minecraft:total_world_time":74598,"minecraft:walk_under_water_one_cm":343,"minecraft:swim_one_cm":3708,"minecraft:fall_one_cm":749,"minecraft:drop":2,"minecraft:fly_one_cm":22250},"minecraft:used":{"minecraft:grass_block":1}},"DataVersion":3465}