{"stats":{"minecraft:dropped":{"minecraft:oak_sapling":1},"minecraft:picked_up":{"minecraft:oak_sapling":1},"minecraft:mined":{"minecraft:oak_leaves":2},"minecraft:custom":{"minecraft:jump":55,"minecraft:time_since_rest":69,"minecraft:damage_taken":270,"minecraft:leave_game":2,"minecraft:play_time":1839,"minecraft:sprint_one_cm":2483,"minecraft:time_since_death":46,"minecraft:walk_one_cm":1325,"minecraft:deaths":4,"minecraft:total_world_time":1950,"minecraft:fall_one_cm":5791,"minecraft:drop":1,"minecraft:fly_one_cm":6442}},"DataVersion":3465}