{
  "minecraft:recipes/decorations/crafting_table": {
    "criteria": {
      "unlock_right_away": "2024-09-29 11:09:44 +0100"
    },
    "done": true
  },
  "minecraft:adventure/adventuring_time": {
    "criteria": {
      "minecraft:plains": "2024-09-29 11:09:45 +0100"
    },
    "done": false
  },
  "minecraft:end/kill_dragon": {
    "criteria": {
      "killed_dragon": "2024-09-29 11:10:21 +0100"
    },
    "done": true
  },
  "minecraft:adventure/root": {
    "criteria": {
      "killed_something": "2024-09-29 11:10:21 +0100"
    },
    "done": true
  },
  "minecraft:adventure/kill_all_mobs": {
    "criteria": {
      "minecraft:ender_dragon": "2024-09-29 11:10:21 +0100"
    },
    "done": false
  },
  "minecraft:adventure/kill_a_mob": {
    "criteria": {
      "minecraft:ender_dragon": "2024-09-29 11:10:21 +0100"
    },
    "done": true
  },
  "DataVersion": 3465
}