{
  "_fv": 66,
  "_type": "config",
  "definition": {
    "pools": [
      {
        "category": "Outside Chunk Area, Interaction buffer",
        "entries": [
          {
            "item": {
              "value": ""
            },
            "silkTouchMode": 1,
            "block": {
              "value": ""
            },
            "logicField": 1,
            "numberField": 1.0,
            "textDefault": "",
            "comment": "The number of blocks outside the Chunk Area that the Player can interact with Entities (-1 for no limit)",
            "vardisplay": "Entity Right Click",
            "varname": "Entity_Interact",
            "enablecomment": true,
            "stringlist": []
          },
          {
            "item": {
              "value": ""
            },
            "silkTouchMode": 1,
            "block": {
              "value": ""
            },
            "logicField": 1,
            "numberField": 1.0,
            "textDefault": "",
            "comment": "The number of blocks outside the Chunk Area that the Player can melee Entities (-1 for no limit)",
            "vardisplay": "Entity Left Click (Direct)",
            "varname": "Entity_AttackDirect",
            "enablecomment": true,
            "stringlist": []
          },
          {
            "item": {
              "value": ""
            },
            "silkTouchMode": 1,
            "block": {
              "value": ""
            },
            "logicField": 0,
            "numberField": -1.0,
            "textDefault": "",
            "comment": "The number of blocks outside the Chunk Area that the Player can attack Entities (-1 for no limit)",
            "vardisplay": "Entity Left Click (Indirect)",
            "varname": "Entity_Attack",
            "enablecomment": true,
            "stringlist": []
          },
          {
            "item": {
              "value": ""
            },
            "silkTouchMode": 1,
            "block": {
              "value": ""
            },
            "logicField": 1,
            "numberField": 1.0,
            "textDefault": "",
            "comment": "The number of blocks outside the Chunk Area that the Player can break Blocks (-1 for no limit)",
            "vardisplay": "Block Destroy",
            "varname": "Block_Break",
            "enablecomment": true,
            "stringlist": []
          },
          {
            "item": {
              "value": ""
            },
            "silkTouchMode": 1,
            "block": {
              "value": ""
            },
            "logicField": 1,
            "numberField": 1.0,
            "textDefault": "",
            "comment": "The number of blocks outside the Chunk Area that the Player can place Blocks (-1 for no limit)",
            "vardisplay": "Block Place",
            "varname": "Block_Place",
            "enablecomment": true,
            "stringlist": []
          },
          {
            "item": {
              "value": ""
            },
            "silkTouchMode": 1,
            "block": {
              "value": ""
            },
            "logicField": 1,
            "numberField": 1.0,
            "textDefault": "",
            "comment": "The number of blocks outside the Chunk Area that the Player can interact with Blocks (-1 for no limit)",
            "vardisplay": "Block Interact",
            "varname": "Block_Interact",
            "enablecomment": true,
            "stringlist": []
          }
        ]
      },
      {
        "category": "Chunk Cost",
        "entries": [
          {
            "item": {
              "value": ""
            },
            "silkTouchMode": 5,
            "block": {
              "value": ""
            },
            "logicField": 0,
            "numberField": 0.0,
            "textDefault": "",
            "comment": "Please add any modded Dimensions entries to this list!",
            "vardisplay": "Dimensions",
            "varname": "Dimensions",
            "enablecomment": true,
            "stringlist": [
              "default/unknown",
              "overworld",
              "the_nether",
              "the_end"
            ]
          },
          {
            "item": {
              "value": ""
            },
            "silkTouchMode": 5,
            "block": {
              "value": ""
            },
            "logicField": 0,
            "numberField": 0.0,
            "textDefault": "",
            "comment": "Make sure the amount of entries in this List are the same as the Dimensions List",
            "vardisplay": "Cost Value",
            "varname": "Dimension_Cost",
            "enablecomment": true,
            "stringlist": [
              "250",
              "125",
              "250",
              "500"
            ]
          }
        ]
      },
      {
        "category": "Generic",
        "entries": [
          {
            "item": {
              "value": ""
            },
            "silkTouchMode": 0,
            "block": {
              "value": ""
            },
            "logicField": 0,
            "numberField": 0.0,
            "textDefault": "",
            "comment": "When true, any items dropped by a Player will be affected by that Players Chunk Border (if its enabled)",
            "vardisplay": "Restrict Dropped",
            "varname": "Trap_Item",
            "enablecomment": true,
            "stringlist": []
          },
          {
            "item": {
              "value": ""
            },
            "silkTouchMode": 0,
            "block": {
              "value": ""
            },
            "logicField": 0,
            "numberField": 0.0,
            "textDefault": "",
            "comment": "Snaps Mini-Map & Manager to 90* angles",
            "vardisplay": "Snap Map",
            "varname": "Map_Lock",
            "enablecomment": true,
            "stringlist": []
          }
        ]
      }
    ],
    "file": "ChunkByChunk",
    "configType": 1
  }
}