{"stats":{"minecraft:used":{"minecraft:trident":33,"minecraft:lava_bucket":4,"minecraft:stone_sword":11,"minecraft:flint_and_steel":10,"minecraft:grass_block":6,"minecraft:rotten_flesh":24,"minecraft:bow":219,"minecraft:magma_block":8,"minecraft:beef":2,"minecraft:dirt":24,"minecraft:soul_soil":5,"minecraft:carrot":1,"minecraft:sponge":7,"minecraft:netherite_helmet":2,"minecraft:cod":5,"minecraft:light_gray_bed":2,"minecraft:splash_potion":3},"minecraft:custom":{"minecraft:time_since_rest":1833,"minecraft:sprint_one_cm":117328,"minecraft:damage_taken":9547,"minecraft:walk_one_cm":717613,"minecraft:mob_kills":33,"minecraft:drop":32,"minecraft:damage_dealt":3717,"minecraft:swim_one_cm":2289,"minecraft:talked_to_villager":3,"minecraft:fly_one_cm":278634,"minecraft:play_time":197806,"minecraft:crouch_one_cm":13461,"minecraft:sneak_time":4013,"minecraft:deaths":50,"minecraft:walk_under_water_one_cm":15696,"minecraft:jump":1260,"minecraft:leave_game":11,"minecraft:time_since_death":1809,"minecraft:walk_on_water_one_cm":18504,"minecraft:total_world_time":300886,"minecraft:damage_resisted":3830,"minecraft:fall_one_cm":135976},"minecraft:mined":{"minecraft:carrots":1,"minecraft:dandelion":1,"minecraft:powder_snow":1,"minecraft:grass_block":25,"minecraft:light_gray_bed":1,"minecraft:dirt":3},"minecraft:killed_by":{"minecraft:iron_golem":4,"minecraft:wither_skeleton":4,"minecraft:skeleton":1,"minecraft:creeper":1,"minecraft:zombie":1},"minecraft:picked_up":{"minecraft:tipped_arrow":1,"minecraft:leather":1,"minecraft:dandelion":3,"minecraft:gunpowder":4,"minecraft:trident":1,"minecraft:carrot":5,"minecraft:dirt":503,"minecraft:stone_sword":2,"minecraft:bone":9,"minecraft:light_gray_bed":1,"minecraft:rotten_flesh":118,"minecraft:diamond":2304,"minecraft:bow":2,"minecraft:netherite_helmet":2,"minecraft:beef":3,"minecraft:coal":1},"minecraft:dropped":{"minecraft:acacia_boat":1,"minecraft:dirt":99,"minecraft:tipped_arrow":3,"minecraft:trident":1,"minecraft:rabbit_stew":1,"minecraft:bow":1,"minecraft:arrow":71,"minecraft:coal":1,"minecraft:dandelion":3,"minecraft:bone":7},"minecraft:killed":{"minecraft:cat":1,"minecraft:wolf":1,"minecraft:husk":2,"minecraft:zombie":7,"minecraft:chicken":1,"minecraft:rabbit":1,"minecraft:spider":1,"minecraft:drowned":1,"minecraft:wither_skeleton":5,"minecraft:villager":3,"minecraft:creeper":8,"minecraft:cow":2}},"DataVersion":3465}