{"stats":{"minecraft:used":{"minecraft:dirt":1,"minecraft:composter":1,"minecraft:villager_spawn_egg":1,"minecraft:grass_block":16},"minecraft:dropped":{"minecraft:dirt":2,"minecraft:melon_seeds":2,"minecraft:pumpkin_seeds":3,"minecraft:wheat_seeds":2,"minecraft:pitcher_pod":1},"minecraft:picked_up":{"minecraft:pumpkin_seeds":2,"minecraft:melon_seeds":1,"minecraft:dirt":1},"minecraft:custom":{"minecraft:jump":6,"minecraft:time_since_rest":2462,"minecraft:crouch_one_cm":14,"minecraft:play_time":2462,"minecraft:walk_one_cm":5081,"minecraft:time_since_death":2462,"minecraft:sneak_time":76,"minecraft:total_world_time":2572,"minecraft:drop":10,"minecraft:fly_one_cm":207}},"DataVersion":3839}