{"stats":{"minecraft:picked_up":{"minecraft:mud":1,"minecraft:mangrove_roots":1,"minecraft:moss_carpet":2},"minecraft:custom":{"minecraft:jump":22,"minecraft:time_since_rest":2660,"minecraft:leave_game":1,"minecraft:walk_on_water_one_cm":1335,"minecraft:play_time":2660,"minecraft:damage_taken":160,"minecraft:time_since_death":2660,"minecraft:walk_one_cm":6043,"minecraft:sneak_time":3,"minecraft:climb_one_cm":16,"minecraft:total_world_time":4937,"minecraft:walk_under_water_one_cm":8486,"minecraft:swim_one_cm":11664,"minecraft:drop":1},"minecraft:used":{"minecraft:moss_carpet":2,"minecraft:mangrove_roots":1},"minecraft:dropped":{"minecraft:mud":1},"minecraft:mined":{"minecraft:grass":1,"minecraft:mangrove_roots":1,"minecraft:mud":1}},"DataVersion":3465}