{"stats":{"minecraft:killed":{"minecraft:husk":1},"minecraft:dropped":{"minecraft:netherite_helmet":1},"minecraft:custom":{"minecraft:jump":25,"minecraft:time_since_rest":3615,"minecraft:sprint_one_cm":2332,"minecraft:damage_dealt":199,"minecraft:walk_one_cm":18884,"minecraft:leave_game":1,"minecraft:play_time":3948,"minecraft:damage_taken":170,"minecraft:time_since_death":3594,"minecraft:deaths":2,"minecraft:sneak_time":11,"minecraft:total_world_time":5368,"minecraft:mob_kills":1,"minecraft:drop":1,"minecraft:fly_one_cm":1460},"minecraft:picked_up":{"minecraft:rotten_flesh":2},"minecraft:used":{"minecraft:rotten_flesh":3,"minecraft:netherite_helmet":1,"minecraft:porkchop":2}},"DataVersion":3465}