{
  "_fv": 66,
  "_type": "command",
  "definition": {
    "commandName": "difficultly",
    "type": "STANDARD",
    "permissionLevel": "2",
    "argsxml": "<xml xmlns=\"https://developers.google.com/blockly/xml\"><block type=\"args_start\" deletable=\"false\" x=\"40\" y=\"40\"><next><block type=\"literal\"><field name=\"name\">adaptive</field><statement name=\"args\"><block type=\"entity\"><field name=\"name\">target</field><field name=\"type\">player</field><statement name=\"args\"><block type=\"literal\"><field name=\"name\">peaceful</field><statement name=\"args\"><block type=\"call_procedure\"><field name=\"procedure\">DamageTaken</field></block></statement><next><block type=\"literal\"><field name=\"name\">easy</field><statement name=\"args\"><block type=\"call_procedure\"><field name=\"procedure\">DamageTaken</field></block></statement><next><block type=\"literal\"><field name=\"name\">normal</field><statement name=\"args\"><block type=\"call_procedure\"><field name=\"procedure\">DamageTaken</field></block></statement><next><block type=\"literal\"><field name=\"name\">hard</field><statement name=\"args\"><block type=\"call_procedure\"><field name=\"procedure\">DamageTaken</field></block></statement><next><block type=\"literal\"><field name=\"name\">hardcore</field><statement name=\"args\"><block type=\"call_procedure\"><field name=\"procedure\">DamageTaken</field></block></statement></block></next></block></next></block></next></block></next></block></statement><next><block type=\"literal\"><field name=\"name\">peaceful</field><statement name=\"args\"><block type=\"call_procedure\"><field name=\"procedure\">DamageTaken</field></block></statement><next><block type=\"literal\"><field name=\"name\">easy</field><statement name=\"args\"><block type=\"call_procedure\"><field name=\"procedure\">DamageTaken</field></block></statement><next><block type=\"literal\"><field name=\"name\">normal</field><statement name=\"args\"><block type=\"call_procedure\"><field name=\"procedure\">DamageTaken</field></block></statement><next><block type=\"literal\"><field name=\"name\">hard</field><statement name=\"args\"><block type=\"call_procedure\"><field name=\"procedure\">DamageTaken</field></block></statement><next><block type=\"literal\"><field name=\"name\">hardcore</field><statement name=\"args\"><block type=\"call_procedure\"><field name=\"procedure\">DamageTaken</field></block></statement></block></next></block></next></block></next></block></next></block></next></block></statement></block></next></block></xml>"
  }
}