{"stats":{"minecraft:custom":{"minecraft:jump":13,"minecraft:open_chest":1,"minecraft:time_since_rest":134,"minecraft:damage_dealt":14,"minecraft:crouch_one_cm":175,"minecraft:deaths":1,"minecraft:sprint_one_cm":1229,"minecraft:play_time":5163,"minecraft:damage_taken":360,"minecraft:time_since_death":111,"minecraft:walk_one_cm":4034,"minecraft:sneak_time":139,"minecraft:total_world_time":5554,"minecraft:mob_kills":1,"minecraft:fly_one_cm":20575},"minecraft:mined":{"minecraft:glass_pane":1},"minecraft:killed_by":{"minecraft:ravager":1}},"DataVersion":3465}