{"stats":{"minecraft:dropped":{"minecraft:rotten_flesh":5,"minecraft:wheat_seeds":3},"minecraft:picked_up":{"minecraft:rotten_flesh":5,"minecraft:wheat_seeds":4,"minecraft:dirt":32},"minecraft:killed":{"minecraft:creeper":1},"minecraft:killed_by":{"minecraft:ender_dragon":1,"minecraft:zombie":1,"minecraft:hoglin":1,"minecraft:piglin_brute":1},"minecraft:mined":{"minecraft:grass":6,"minecraft:oak_leaves":4},"minecraft:custom":{"minecraft:time_since_rest":5528,"minecraft:crouch_one_cm":177,"minecraft:damage_taken":2827,"minecraft:sprint_one_cm":15375,"minecraft:play_time":30090,"minecraft:deaths":11,"minecraft:walk_one_cm":69090,"minecraft:sneak_time":141,"minecraft:mob_kills":1,"minecraft:drop":7,"minecraft:jump":595,"minecraft:damage_dealt":634,"minecraft:leave_game":2,"minecraft:time_since_death":5494,"minecraft:total_world_time":33392,"minecraft:fall_one_cm":33936,"minecraft:fly_one_cm":115869}},"DataVersion":3465}