{"stats":{"minecraft:mined":{"minecraft:grass_block":9,"minecraft:dirt":2},"minecraft:dropped":{"bone_handles:netherite_hoe":1,"bone_handles:wooden_axe":1,"bone_handles:diamond_axe":1,"minecraft:diamond_axe":2,"minecraft:wooden_axe":3,"minecraft:spruce_log":4,"bone_handles:template":1,"minecraft:bone_block":1,"minecraft:name_tag":4,"minecraft:bone":23,"minecraft:stick":4},"minecraft:custom":{"minecraft:time_since_rest":4541,"minecraft:interact_with_smithing_table":12,"minecraft:sprint_one_cm":6833,"minecraft:damage_taken":270,"minecraft:walk_one_cm":29037,"minecraft:drop":28,"minecraft:interact_with_crafting_table":27,"minecraft:fly_one_cm":35023,"minecraft:crouch_one_cm":112,"minecraft:play_time":35229,"minecraft:deaths":1,"minecraft:sneak_time":155,"minecraft:walk_under_water_one_cm":7168,"minecraft:jump":92,"minecraft:leave_game":3,"minecraft:walk_on_water_one_cm":582,"minecraft:time_since_death":4511,"minecraft:total_world_time":88668,"minecraft:fall_one_cm":1424},"minecraft:picked_up":{"minecraft:wooden_axe":3,"minecraft:stick":4,"bone_handles:wooden_axe":1,"minecraft:spruce_log":3,"minecraft:dirt":10,"minecraft:name_tag":4,"minecraft:bone":14,"bone_handles:fishing":1,"bone_handles:diamond_axe":1,"bone_handles:template":1,"minecraft:diamond_axe":2,"bone_handles:netherite_hoe":1,"minecraft:bone_block":1},"minecraft:used":{"minecraft:wooden_axe":1,"minecraft:diamond_axe":4,"bone_handles:netherite_hoe":1,"minecraft:fishing_rod":23,"bone_handles:wooden_axe":1,"minecraft:crafting_table":1,"minecraft:smithing_table":1,"bone_handles:fishing":28,"bone_handles:diamond_axe":1},"minecraft:crafted":{"bone_handles:template":2,"bone_handles:diamond_axe":1}},"DataVersion":3465}