{
  "_fv": 66,
  "_type": "recipe",
  "definition": {
    "recipeType": "Smithing",
    "recipeRetstackSize": 1,
    "group": "",
    "cookingBookCategory": "MISC",
    "xpReward": 0.0,
    "cookingTime": 200,
    "craftingBookCategory": "MISC",
    "recipeShapeless": false,
    "smithingInputStack": {
      "value": "CUSTOM:DiamondAxe"
    },
    "smithingInputAdditionStack": {
      "value": "Items.NETHERITE_INGOT"
    },
    "smithingInputTemplateStack": {
      "value": "Items.NETHERITE_UPGRADE"
    },
    "smithingReturnStack": {
      "value": "CUSTOM:NetheriteAxe"
    },
    "name": "axe_netherite_upgrade",
    "namespace": "mod"
  }
}