{
  "_fv": 66,
  "_type": "tool",
  "definition": {
    "toolType": "Spade",
    "renderType": 0,
    "blockingRenderType": 0,
    "texture": "diamond_shovel",
    "customModelName": "Normal",
    "blockingModelName": "Normal blocking",
    "name": "Diamond Shovel",
    "specialInformation": {
      "fixedValue": []
    },
    "creativeTabs": [
      {
        "value": "TOOLS"
      }
    ],
    "efficiency": 12.0,
    "attackSpeed": 1.0,
    "enchantability": 10,
    "damageVsEntity": 5.5,
    "usageCount": 2076,
    "glowCondition": {
      "fixedValue": false
    },
    "repairItems": [
      {
        "value": "Items.DIAMOND"
      }
    ],
    "immuneToFire": false,
    "blockDropsTier": "DIAMOND",
    "blocksAffected": [],
    "stayInGridWhenCrafting": false,
    "damageOnCrafting": false
  }
}