{
  "_fv": 66,
  "_type": "recipe",
  "definition": {
    "recipeType": "Smithing",
    "recipeRetstackSize": 1,
    "group": "",
    "cookingBookCategory": "MISC",
    "xpReward": 0.0,
    "cookingTime": 200,
    "craftingBookCategory": "MISC",
    "recipeShapeless": false,
    "smithingInputStack": {
      "value": "Items.GOLDEN_AXE"
    },
    "smithingInputAdditionStack": {
      "value": "Items.BONE"
    },
    "smithingInputTemplateStack": {
      "value": "CUSTOM:Template"
    },
    "smithingReturnStack": {
      "value": "CUSTOM:GoldenAxe"
    },
    "name": "golden_axe_upgrade",
    "namespace": "mod"
  }
}