{
  "_fv": 66,
  "_type": "tool",
  "definition": {
    "toolType": "Hoe",
    "renderType": 0,
    "blockingRenderType": 0,
    "texture": "stone_hoe",
    "customModelName": "Normal",
    "blockingModelName": "Normal blocking",
    "name": "Stone Hoe",
    "specialInformation": {
      "fixedValue": []
    },
    "creativeTabs": [
      {
        "value": "TOOLS"
      }
    ],
    "efficiency": 4.0,
    "attackSpeed": 2.0,
    "enchantability": 5,
    "damageVsEntity": 1.0,
    "usageCount": 174,
    "glowCondition": {
      "fixedValue": false
    },
    "repairItems": [
      {
        "value": "Blocks.COBBLESTONE"
      },
      {
        "value": "Blocks.COBBLED_DEEPSLATE"
      },
      {
        "value": "Blocks.BLACKSTONE"
      }
    ],
    "immuneToFire": false,
    "blockDropsTier": "STONE",
    "blocksAffected": [],
    "stayInGridWhenCrafting": false,
    "damageOnCrafting": false
  }
}