{
  "_fv": 66,
  "_type": "recipe",
  "definition": {
    "recipeType": "Crafting",
    "recipeRetstackSize": 2,
    "group": "",
    "cookingBookCategory": "MISC",
    "xpReward": 0.0,
    "cookingTime": 200,
    "craftingBookCategory": "MISC",
    "recipeShapeless": false,
    "recipeSlots": [
      {
        "value": "Items.BONE"
      },
      {
        "value": "CUSTOM:Template"
      },
      {
        "value": "Items.BONE"
      },
      {
        "value": "Items.BONE"
      },
      {
        "value": "Blocks.BONE_BLOCK"
      },
      {
        "value": "Items.BONE"
      },
      {
        "value": "Items.BONE"
      },
      {
        "value": "Items.BONE"
      },
      {
        "value": "Items.BONE"
      }
    ],
    "recipeReturnStack": {
      "value": "CUSTOM:Template"
    },
    "name": "template",
    "namespace": "mod"
  }
}