{
  "_fv": 66,
  "_type": "tool",
  "definition": {
    "toolType": "Axe",
    "renderType": 0,
    "blockingRenderType": 0,
    "texture": "wooden_axe",
    "customModelName": "Normal",
    "blockingModelName": "Normal blocking",
    "name": "Wooden Axe",
    "specialInformation": {
      "fixedValue": []
    },
    "creativeTabs": [
      {
        "value": "TOOLS"
      },
      {
        "value": "COMBAT"
      }
    ],
    "efficiency": 2.0,
    "attackSpeed": 0.8,
    "enchantability": 15,
    "damageVsEntity": 7.0,
    "usageCount": 78,
    "glowCondition": {
      "fixedValue": false
    },
    "repairItems": [
      {
        "value": "Blocks.PLANKS"
      }
    ],
    "immuneToFire": false,
    "blockDropsTier": "WOOD",
    "blocksAffected": [],
    "stayInGridWhenCrafting": false,
    "damageOnCrafting": false
  }
}