{"stats":{"minecraft:used":{"minecraft:redstone":141,"minecraft:acacia_boat":28,"minecraft:dirt":12,"minecraft:grass_block":34},"minecraft:picked_up":{"minecraft:grass_block":2,"minecraft:acacia_boat":2,"minecraft:redstone":8,"minecraft:dirt":1},"minecraft:custom":{"minecraft:jump":196,"minecraft:time_since_rest":6336,"minecraft:crouch_one_cm":3931,"minecraft:leave_game":3,"minecraft:play_time":35910,"minecraft:sprint_one_cm":39881,"minecraft:time_since_death":6311,"minecraft:walk_one_cm":97449,"minecraft:deaths":18,"minecraft:sneak_time":1414,"minecraft:total_world_time":43344,"minecraft:talked_to_villager":1,"minecraft:boat_one_cm":1144,"minecraft:fly_one_cm":100075,"minecraft:horse_one_cm":9323}},"DataVersion":3700}