{"stats":{"minecraft:picked_up":{"minecraft:repeater":5,"minecraft:villager_spawn_egg":1,"minecraft:bread":256,"minecraft:oak_button":2,"minecraft:rabbit":2},"minecraft:dropped":{"minecraft:bread":3841,"minecraft:villager_spawn_egg":2,"minecraft:potato":5,"minecraft:oak_button":3,"minecraft:command_block":1,"minecraft:oak_log":1,"minecraft:white_bed":1,"minecraft:repeater":6,"minecraft:carrot":121,"minecraft:rabbit":3},"minecraft:used":{"minecraft:oak_log":3,"minecraft:repeater":5,"minecraft:villager_spawn_egg":9,"minecraft:command_block":1,"minecraft:oak_button":3,"minecraft:white_bed":27,"minecraft:sandstone":8},"minecraft:custom":{"minecraft:time_since_rest":35434,"minecraft:crouch_one_cm":1510,"minecraft:play_time":35434,"minecraft:sprint_one_cm":3072,"minecraft:walk_one_cm":37596,"minecraft:sneak_time":1145,"minecraft:drop":98,"minecraft:jump":60,"minecraft:damage_dealt":22,"minecraft:leave_game":2,"minecraft:time_since_death":35434,"minecraft:total_world_time":58108,"minecraft:talked_to_villager":23,"minecraft:fly_one_cm":14246}},"DataVersion":3465}