{"stats":{"minecraft:used":{"minecraft:oak_boat":3},"minecraft:picked_up":{"minecraft:oak_boat":4},"minecraft:killed":{"minecraft:ender_dragon":2},"minecraft:custom":{"minecraft:jump":91,"minecraft:time_since_rest":1923,"minecraft:crouch_one_cm":16,"minecraft:damage_dealt":32,"minecraft:damage_taken":900,"minecraft:time_since_death":1896,"minecraft:play_time":7457,"minecraft:sprint_one_cm":11445,"minecraft:walk_one_cm":14271,"minecraft:deaths":5,"minecraft:sneak_time":2,"minecraft:total_world_time":8339,"minecraft:mob_kills":2,"minecraft:fall_one_cm":6730,"minecraft:boat_one_cm":10042,"minecraft:fly_one_cm":654121},"minecraft:killed_by":{"minecraft:ender_dragon":1}},"DataVersion":3465}